epoch,time,train/box_loss,train/cls_loss,train/dfl_loss,metrics/precision(B),metrics/recall(B),metrics/mAP50(B),metrics/mAP50-95(B),val/box_loss,val/cls_loss,val/dfl_loss,lr/pg0,lr/pg1,lr/pg2,lr/pg3,lr/pg4,lr/pg5,lr/pg6,lr/pg7
1,9.83264,1.78526,33.053,0.01311,0,0,0,0,1.56157,5.72755,0.01055,0.000983607,0.000327869,0.000983607,0.000327869,0.0681967,0.067541,0.000983607,0.000327869
2,18.2409,1.71472,6.8363,0.01388,0,0,0,0,1.79971,3.09976,0.01263,0.00198164,0.000660548,0.00198164,0.000660548,0.0358614,0.0345403,0.00198164,0.000660548
3,26.5004,1.73067,4.56104,0.01237,0,0,0,0,1.44289,3.32545,0.00918,0.0029777,0.000992566,0.0029777,0.000992566,0.00352415,0.00153901,0.0029777,0.000992566
4,34.3588,1.85094,4.11854,0.01422,0.05263,0.07692,0.03689,0.0224,1.40743,3.38789,0.00881,0.00299109,0.00099703,0.00299109,0.00099703,0.00299109,0.00099703,0.00299109,0.00099703
5,42.3955,1.72183,3.77175,0.01305,0.0241,0.15385,0.02096,0.00939,1.37496,3.36185,0.00902,0.00298812,0.00099604,0.00298812,0.00099604,0.00298812,0.00099604,0.00298812,0.00099604
6,50.466,1.6283,3.56417,0.01286,0.00596,0.30769,0.00724,0.00186,1.41178,2.97966,0.00901,0.00298515,0.00099505,0.00298515,0.00099505,0.00298515,0.00099505,0.00298515,0.00099505
7,58.4747,1.46304,3.59665,0.01059,0.0035,0.69231,0.00538,0.00214,1.27883,2.92798,0.00841,0.00298218,0.00099406,0.00298218,0.00099406,0.00298218,0.00099406,0.00298218,0.00099406
8,66.5461,1.45374,3.38943,0.01025,0.00326,0.76923,0.01904,0.00787,1.41029,2.78164,0.00922,0.00297921,0.00099307,0.00297921,0.00099307,0.00297921,0.00099307,0.00297921,0.00099307
9,74.4294,1.35071,3.2565,0.01015,0.00358,0.76923,0.02729,0.00858,1.37648,2.80222,0.0088,0.00297624,0.00099208,0.00297624,0.00099208,0.00297624,0.00099208,0.00297624,0.00099208
10,82.3884,1.33639,2.82582,0.00887,0.0085,0.69231,0.13753,0.05501,1.23031,2.88457,0.00744,0.00297327,0.00099109,0.00297327,0.00099109,0.00297327,0.00099109,0.00297327,0.00099109
11,90.4812,1.48014,3.06907,0.0103,0.00524,0.92308,0.10846,0.04579,1.29534,2.63226,0.00783,0.0029703,0.0009901,0.0029703,0.0009901,0.0029703,0.0009901,0.0029703,0.0009901
12,98.5508,1.302,2.83922,0.00949,0.00459,0.84615,0.09969,0.04472,1.21868,2.7793,0.00719,0.00296733,0.00098911,0.00296733,0.00098911,0.00296733,0.00098911,0.00296733,0.00098911
13,106.604,1.39778,2.84556,0.00932,0.00858,0.92308,0.09452,0.03222,1.32005,2.5634,0.00791,0.00296436,0.00098812,0.00296436,0.00098812,0.00296436,0.00098812,0.00296436,0.00098812
14,114.522,1.30234,2.61363,0.00864,0.00777,1,0.07775,0.02765,1.27269,2.53075,0.00764,0.00296139,0.00098713,0.00296139,0.00098713,0.00296139,0.00098713,0.00296139,0.00098713
15,122.563,1.28873,2.48881,0.00935,0.01286,1,0.14558,0.07193,1.27322,2.32758,0.00779,0.00295842,0.00098614,0.00295842,0.00098614,0.00295842,0.00098614,0.00295842,0.00098614
16,130.747,1.34827,2.5466,0.0093,0.31582,0.07692,0.13628,0.07447,1.23505,2.28259,0.00747,0.00295545,0.00098515,0.00295545,0.00098515,0.00295545,0.00098515,0.00295545,0.00098515
17,138.858,1.51735,2.62954,0.01024,0.18447,0.15385,0.18838,0.09706,1.17996,2.065,0.00695,0.00295248,0.00098416,0.00295248,0.00098416,0.00295248,0.00098416,0.00295248,0.00098416
18,147.023,1.36968,2.45822,0.00984,0.66516,0.15315,0.2254,0.11418,1.13491,2.03061,0.00655,0.00294951,0.00098317,0.00294951,0.00098317,0.00294951,0.00098317,0.00294951,0.00098317
19,155.171,1.40659,2.36556,0.01006,0.43495,0.29717,0.35086,0.15035,1.30147,1.88707,0.00783,0.00294654,0.00098218,0.00294654,0.00098218,0.00294654,0.00098218,0.00294654,0.00098218
20,163.246,1.39291,2.26294,0.00925,0.87884,0.38462,0.4722,0.19372,1.35121,1.85071,0.00808,0.00294357,0.00098119,0.00294357,0.00098119,0.00294357,0.00098119,0.00294357,0.00098119
21,171.38,1.4745,2.13853,0.01055,0.32304,0.23077,0.29881,0.10507,1.45099,1.97587,0.00883,0.0029406,0.0009802,0.0029406,0.0009802,0.0029406,0.0009802,0.0029406,0.0009802
22,179.593,1.44668,1.99395,0.01027,0.6359,0.46154,0.53651,0.22322,1.49967,1.49335,0.00932,0.00293763,0.00097921,0.00293763,0.00097921,0.00293763,0.00097921,0.00293763,0.00097921
23,187.774,1.44954,2.00058,0.00989,0.76362,0.23077,0.36861,0.16349,1.50633,1.62961,0.0092,0.00293466,0.00097822,0.00293466,0.00097822,0.00293466,0.00097822,0.00293466,0.00097822
24,195.904,1.44405,1.76232,0.01023,0.28604,0.46154,0.37486,0.1494,1.48562,1.57292,0.00896,0.00293169,0.00097723,0.00293169,0.00097723,0.00293169,0.00097723,0.00293169,0.00097723
25,203.848,1.51546,1.56956,0.01012,0.43836,0.38462,0.45325,0.22362,1.48661,1.47546,0.0091,0.00292872,0.00097624,0.00292872,0.00097624,0.00292872,0.00097624,0.00292872,0.00097624
26,211.98,1.40227,1.55213,0.01057,0.35879,0.38462,0.4437,0.25076,1.3941,1.6697,0.0088,0.00292575,0.00097525,0.00292575,0.00097525,0.00292575,0.00097525,0.00292575,0.00097525
27,220.061,1.38473,1.36321,0.00976,0.40584,0.579,0.48803,0.26563,1.48678,1.48452,0.00951,0.00292278,0.00097426,0.00292278,0.00097426,0.00292278,0.00097426,0.00292278,0.00097426
28,228.18,1.34578,1.33553,0.00959,0.3725,0.69231,0.4361,0.2211,1.53892,1.105,0.00992,0.00291981,0.00097327,0.00291981,0.00097327,0.00291981,0.00097327,0.00291981,0.00097327
29,236.287,1.56356,1.36022,0.01186,0.37444,0.61538,0.462,0.19383,1.45972,1.18128,0.00925,0.00291684,0.00097228,0.00291684,0.00097228,0.00291684,0.00097228,0.00291684,0.00097228
30,244.221,1.46132,1.15711,0.01082,0.45346,0.57557,0.47358,0.19555,1.51219,1.11703,0.00969,0.00291387,0.00097129,0.00291387,0.00097129,0.00291387,0.00097129,0.00291387,0.00097129
31,252.351,1.56189,1.17824,0.01094,0.6074,0.76923,0.67905,0.24736,1.64093,0.96819,0.01063,0.0029109,0.0009703,0.0029109,0.0009703,0.0029109,0.0009703,0.0029109,0.0009703
32,260.429,1.36578,1.04456,0.00979,0.62897,0.69231,0.68603,0.20429,1.7681,1.00872,0.01184,0.00290793,0.00096931,0.00290793,0.00096931,0.00290793,0.00096931,0.00290793,0.00096931
33,268.452,1.42687,0.88474,0.01066,0.77765,0.80852,0.68502,0.22099,1.69645,0.86725,0.01125,0.00290496,0.00096832,0.00290496,0.00096832,0.00290496,0.00096832,0.00290496,0.00096832
34,276.612,1.5284,0.91708,0.01065,0.63428,0.76923,0.5971,0.284,1.51931,0.87979,0.00974,0.00290199,0.00096733,0.00290199,0.00096733,0.00290199,0.00096733,0.00290199,0.00096733
35,284.748,1.6127,1.02238,0.01095,0.54273,0.84615,0.73918,0.28822,1.62115,0.8596,0.01036,0.00289902,0.00096634,0.00289902,0.00096634,0.00289902,0.00096634,0.00289902,0.00096634
36,292.866,1.48847,0.86888,0.01028,0.6068,0.83166,0.68405,0.29034,1.62222,0.86615,0.01037,0.00289605,0.00096535,0.00289605,0.00096535,0.00289605,0.00096535,0.00289605,0.00096535
37,300.955,1.46577,0.7925,0.01083,0.71417,0.76882,0.77986,0.37148,1.5251,0.66686,0.00952,0.00289308,0.00096436,0.00289308,0.00096436,0.00289308,0.00096436,0.00289308,0.00096436
38,309.108,1.48084,0.75494,0.01055,0.5909,0.92308,0.71914,0.31162,1.59978,0.75583,0.01013,0.00289011,0.00096337,0.00289011,0.00096337,0.00289011,0.00096337,0.00289011,0.00096337
39,317.192,1.4904,0.87813,0.01036,0.64692,0.92308,0.76329,0.28619,1.62448,0.94905,0.01024,0.00288714,0.00096238,0.00288714,0.00096238,0.00288714,0.00096238,0.00288714,0.00096238
40,325.303,1.40815,0.78172,0.01025,0.63876,0.84615,0.7303,0.29761,1.47023,0.97116,0.00891,0.00288417,0.00096139,0.00288417,0.00096139,0.00288417,0.00096139,0.00288417,0.00096139
41,333.245,1.55077,0.70601,0.01086,0.61762,0.84615,0.66732,0.29821,1.4621,0.88054,0.00906,0.0028812,0.0009604,0.0028812,0.0009604,0.0028812,0.0009604,0.0028812,0.0009604
42,341.296,1.39623,0.8023,0.00996,0.63106,0.92308,0.74,0.32579,1.44249,0.9384,0.00884,0.00287823,0.00095941,0.00287823,0.00095941,0.00287823,0.00095941,0.00287823,0.00095941
43,349.4,1.44756,0.82194,0.00943,0.68146,0.76923,0.6631,0.29465,1.31965,0.85919,0.00797,0.00287526,0.00095842,0.00287526,0.00095842,0.00287526,0.00095842,0.00287526,0.00095842
44,357.567,1.54148,0.79185,0.0112,0.63894,0.84615,0.71729,0.32728,1.47353,0.84875,0.00927,0.00287229,0.00095743,0.00287229,0.00095743,0.00287229,0.00095743,0.00287229,0.00095743
45,365.681,1.42086,0.91046,0.0103,0.68906,0.76923,0.81623,0.34833,1.35086,0.85701,0.00827,0.00286932,0.00095644,0.00286932,0.00095644,0.00286932,0.00095644,0.00286932,0.00095644
46,373.618,1.44388,0.83195,0.01035,0.64493,0.83874,0.79894,0.35623,1.38406,0.84837,0.00852,0.00286635,0.00095545,0.00286635,0.00095545,0.00286635,0.00095545,0.00286635,0.00095545
47,381.726,1.40369,0.57987,0.00957,0.68543,0.8385,0.64995,0.33283,1.59097,0.64826,0.00969,0.00286338,0.00095446,0.00286338,0.00095446,0.00286338,0.00095446,0.00286338,0.00095446
48,389.888,1.31648,0.76939,0.00966,0.71858,1,0.86657,0.32164,1.59272,0.71247,0.00974,0.00286041,0.00095347,0.00286041,0.00095347,0.00286041,0.00095347,0.00286041,0.00095347
49,397.941,1.36989,0.66711,0.01008,0.77952,0.76923,0.85086,0.39494,1.5104,0.5987,0.00931,0.00285744,0.00095248,0.00285744,0.00095248,0.00285744,0.00095248,0.00285744,0.00095248
50,406.033,1.37698,0.65495,0.00964,0.81005,0.98491,0.8838,0.37308,1.52746,0.56529,0.00952,0.00285447,0.00095149,0.00285447,0.00095149,0.00285447,0.00095149,0.00285447,0.00095149
51,414.143,1.36515,0.74797,0.00922,0.79657,0.9046,0.88142,0.36617,1.44859,0.68326,0.00921,0.0028515,0.0009505,0.0028515,0.0009505,0.0028515,0.0009505,0.0028515,0.0009505
52,422.071,1.3812,0.6839,0.00954,0.74164,0.92308,0.86819,0.35858,1.46761,0.6539,0.00929,0.00284853,0.00094951,0.00284853,0.00094951,0.00284853,0.00094951,0.00284853,0.00094951
53,430.197,1.40011,0.82899,0.00976,0.73009,0.92308,0.88288,0.41735,1.45112,0.63961,0.00909,0.00284556,0.00094852,0.00284556,0.00094852,0.00284556,0.00094852,0.00284556,0.00094852
54,438.428,1.47676,0.66872,0.01017,0.70804,1,0.88805,0.36503,1.51215,0.57422,0.00956,0.00284259,0.00094753,0.00284259,0.00094753,0.00284259,0.00094753,0.00284259,0.00094753
55,446.581,1.38653,0.64169,0.00947,0.72073,0.99298,0.87815,0.40962,1.43224,0.65229,0.0089,0.00283962,0.00094654,0.00283962,0.00094654,0.00283962,0.00094654,0.00283962,0.00094654
56,454.743,1.29424,0.59863,0.00898,0.65505,0.92308,0.80846,0.37694,1.50272,0.58637,0.00955,0.00283665,0.00094555,0.00283665,0.00094555,0.00283665,0.00094555,0.00283665,0.00094555
57,462.671,1.39116,0.65188,0.0102,0.76461,0.99949,0.88676,0.42094,1.38886,0.68239,0.00868,0.00283368,0.00094456,0.00283368,0.00094456,0.00283368,0.00094456,0.00283368,0.00094456
58,470.787,1.29938,0.57768,0.009,0.78415,0.92308,0.88089,0.36391,1.44303,0.59354,0.00921,0.00283071,0.00094357,0.00283071,0.00094357,0.00283071,0.00094357,0.00283071,0.00094357
59,478.901,1.39622,0.5779,0.00953,0.72182,0.84615,0.82014,0.37269,1.45026,0.68177,0.00928,0.00282774,0.00094258,0.00282774,0.00094258,0.00282774,0.00094258,0.00282774,0.00094258
60,487.116,1.3451,0.63998,0.00924,0.7446,0.89815,0.86731,0.46408,1.44406,0.60707,0.00909,0.00282477,0.00094159,0.00282477,0.00094159,0.00282477,0.00094159,0.00282477,0.00094159
61,495.23,1.30193,0.60787,0.00889,0.80567,0.76923,0.88186,0.40515,1.47539,0.67185,0.00932,0.0028218,0.0009406,0.0028218,0.0009406,0.0028218,0.0009406,0.0028218,0.0009406
62,503.228,1.39121,0.62391,0.0094,0.74604,0.84615,0.8755,0.39693,1.44008,0.67494,0.00889,0.00281883,0.00093961,0.00281883,0.00093961,0.00281883,0.00093961,0.00281883,0.00093961
63,511.505,1.31294,0.58601,0.00862,0.84727,0.76923,0.90172,0.38971,1.54499,0.65609,0.00982,0.00281586,0.00093862,0.00281586,0.00093862,0.00281586,0.00093862,0.00281586,0.00093862
64,519.645,1.33722,0.63295,0.00955,0.82057,0.76923,0.87234,0.38398,1.46986,0.76188,0.0093,0.00281289,0.00093763,0.00281289,0.00093763,0.00281289,0.00093763,0.00281289,0.00093763
65,527.813,1.38402,0.5359,0.00954,0.75098,0.76923,0.8617,0.36382,1.47184,0.73612,0.0093,0.00280992,0.00093664,0.00280992,0.00093664,0.00280992,0.00093664,0.00280992,0.00093664
66,535.886,1.37031,0.62,0.00926,0.59924,0.84615,0.73496,0.3811,1.50025,0.75419,0.00944,0.00280695,0.00093565,0.00280695,0.00093565,0.00280695,0.00093565,0.00280695,0.00093565
67,544.028,1.25934,0.59756,0.00861,0.57649,0.83807,0.713,0.34821,1.57143,0.74844,0.00985,0.00280398,0.00093466,0.00280398,0.00093466,0.00280398,0.00093466,0.00280398,0.00093466
68,552.029,1.32277,0.63357,0.00926,0.66375,0.84615,0.81477,0.34965,1.57445,0.88879,0.01017,0.00280101,0.00093367,0.00280101,0.00093367,0.00280101,0.00093367,0.00280101,0.00093367
69,560.153,1.29362,0.61836,0.00901,0.74438,0.89714,0.89291,0.43001,1.48086,0.63889,0.00913,0.00279804,0.00093268,0.00279804,0.00093268,0.00279804,0.00093268,0.00279804,0.00093268
70,568.256,1.34669,0.61761,0.00932,0.90264,0.71462,0.88508,0.45116,1.38832,0.66098,0.0086,0.00279507,0.00093169,0.00279507,0.00093169,0.00279507,0.00093169,0.00279507,0.00093169
71,576.407,1.28501,0.58837,0.0089,0.80535,0.76923,0.85095,0.44235,1.40967,0.69724,0.0087,0.0027921,0.0009307,0.0027921,0.0009307,0.0027921,0.0009307,0.0027921,0.0009307
72,584.638,1.33887,0.61186,0.00973,0.78049,0.92308,0.93127,0.4505,1.44731,0.66324,0.00919,0.00278913,0.00092971,0.00278913,0.00092971,0.00278913,0.00092971,0.00278913,0.00092971
73,592.531,1.29609,0.57068,0.00922,0.69399,1,0.83711,0.39575,1.44018,0.64445,0.00903,0.00278616,0.00092872,0.00278616,0.00092872,0.00278616,0.00092872,0.00278616,0.00092872
74,600.654,1.31126,0.56663,0.00961,0.64218,0.84615,0.76958,0.39166,1.43437,0.67173,0.00964,0.00278319,0.00092773,0.00278319,0.00092773,0.00278319,0.00092773,0.00278319,0.00092773
75,608.792,1.3289,0.57361,0.00988,0.56597,0.90346,0.7885,0.39985,1.43152,0.81932,0.00923,0.00278022,0.00092674,0.00278022,0.00092674,0.00278022,0.00092674,0.00278022,0.00092674
76,616.981,1.28347,0.55518,0.009,0.76142,0.69231,0.74196,0.33103,1.50837,1.09726,0.00996,0.00277725,0.00092575,0.00277725,0.00092575,0.00277725,0.00092575,0.00277725,0.00092575
77,625.005,1.13766,0.46121,0.0081,0.73508,0.61538,0.69719,0.31982,1.50941,1.07739,0.00967,0.00277428,0.00092476,0.00277428,0.00092476,0.00277428,0.00092476,0.00277428,0.00092476
78,632.93,1.25304,0.5041,0.00853,0.80916,0.69231,0.75547,0.34439,1.53416,0.92555,0.01029,0.00277131,0.00092377,0.00277131,0.00092377,0.00277131,0.00092377,0.00277131,0.00092377
79,641.016,1.23453,0.4324,0.00816,0.80499,0.69231,0.76521,0.35063,1.47648,0.76997,0.00971,0.00276834,0.00092278,0.00276834,0.00092278,0.00276834,0.00092278,0.00276834,0.00092278
80,649.255,1.34748,0.4582,0.00887,0.81629,0.68432,0.75825,0.37548,1.38567,0.84862,0.00894,0.00276537,0.00092179,0.00276537,0.00092179,0.00276537,0.00092179,0.00276537,0.00092179
81,657.352,1.28629,0.52858,0.00874,0.76458,0.75061,0.77642,0.43842,1.28318,0.85567,0.00796,0.0027624,0.0009208,0.0027624,0.0009208,0.0027624,0.0009208,0.0027624,0.0009208
82,665.434,1.17936,0.54167,0.00841,0.68732,0.84615,0.8104,0.4515,1.25457,0.80586,0.00779,0.00275943,0.00091981,0.00275943,0.00091981,0.00275943,0.00091981,0.00275943,0.00091981
83,673.572,1.27544,0.4788,0.0087,0.88766,0.61538,0.73545,0.39225,1.39322,0.96546,0.00879,0.00275646,0.00091882,0.00275646,0.00091882,0.00275646,0.00091882,0.00275646,0.00091882
84,681.494,1.29604,0.49652,0.00901,0.87758,0.61538,0.74074,0.36577,1.39339,0.96413,0.00897,0.00275349,0.00091783,0.00275349,0.00091783,0.00275349,0.00091783,0.00275349,0.00091783
85,689.662,1.35167,0.4619,0.00922,0.82491,0.76923,0.80563,0.43198,1.39167,0.76268,0.00886,0.00275052,0.00091684,0.00275052,0.00091684,0.00275052,0.00091684,0.00275052,0.00091684
86,697.657,1.19489,0.46493,0.00782,0.8884,0.69231,0.81914,0.45808,1.31207,0.74518,0.00833,0.00274755,0.00091585,0.00274755,0.00091585,0.00274755,0.00091585,0.00274755,0.00091585
87,705.77,1.26631,0.4212,0.00868,0.8165,0.6852,0.86457,0.42708,1.37739,0.80619,0.00884,0.00274458,0.00091486,0.00274458,0.00091486,0.00274458,0.00091486,0.00274458,0.00091486
88,713.921,1.29801,0.54344,0.0094,0.73999,0.76923,0.81006,0.41822,1.38684,0.95811,0.00895,0.00274161,0.00091387,0.00274161,0.00091387,0.00274161,0.00091387,0.00274161,0.00091387
89,721.953,1.26627,0.51415,0.00846,0.68405,0.83341,0.82928,0.45032,1.37163,0.82078,0.00891,0.00273864,0.00091288,0.00273864,0.00091288,0.00273864,0.00091288,0.00273864,0.00091288
90,730.042,1.26585,0.44739,0.00876,0.88827,0.69231,0.84592,0.51803,1.26041,0.81951,0.00811,0.00273567,0.00091189,0.00273567,0.00091189,0.00273567,0.00091189,0.00273567,0.00091189
91,738.164,1.11235,0.39751,0.00793,0.941,0.61538,0.81989,0.51215,1.24667,0.68882,0.00809,0.0027327,0.0009109,0.0027327,0.0009109,0.0027327,0.0009109,0.0027327,0.0009109
92,746.42,1.24195,0.44796,0.00859,0.98565,0.69231,0.895,0.49782,1.26509,0.64651,0.00823,0.00272973,0.00090991,0.00272973,0.00090991,0.00272973,0.00090991,0.00272973,0.00090991
93,754.585,1.1195,0.399,0.0078,0.86891,0.69231,0.83793,0.49958,1.29314,0.72683,0.00842,0.00272676,0.00090892,0.00272676,0.00090892,0.00272676,0.00090892,0.00272676,0.00090892
94,762.496,1.07947,0.45604,0.0073,0.76124,0.69231,0.76189,0.48345,1.25264,0.91712,0.00823,0.00272379,0.00090793,0.00272379,0.00090793,0.00272379,0.00090793,0.00272379,0.00090793
95,770.623,1.24158,0.421,0.00894,0.84326,0.69231,0.78895,0.49059,1.2571,0.83838,0.0082,0.00272082,0.00090694,0.00272082,0.00090694,0.00272082,0.00090694,0.00272082,0.00090694
96,778.699,1.1012,0.38292,0.00759,0.805,0.63653,0.79209,0.49623,1.16947,1.13133,0.0073,0.00271785,0.00090595,0.00271785,0.00090595,0.00271785,0.00090595,0.00271785,0.00090595
97,786.89,1.14651,0.40356,0.00761,0.77732,0.69231,0.73532,0.45465,1.2891,1.05758,0.00845,0.00271488,0.00090496,0.00271488,0.00090496,0.00271488,0.00090496,0.00271488,0.00090496
98,794.964,1.18984,0.41306,0.00813,0.61509,0.84615,0.73237,0.4195,1.30993,0.99346,0.00853,0.00271191,0.00090397,0.00271191,0.00090397,0.00271191,0.00090397,0.00271191,0.00090397
99,803.111,1.14242,0.42681,0.00821,0.85014,0.69231,0.78909,0.4426,1.28461,0.95176,0.00834,0.00270894,0.00090298,0.00270894,0.00090298,0.00270894,0.00090298,0.00270894,0.00090298
100,811.155,1.14253,0.45606,0.00772,0.87862,0.69231,0.77886,0.47178,1.27755,0.86019,0.00835,0.00270597,0.00090199,0.00270597,0.00090199,0.00270597,0.00090199,0.00270597,0.00090199
101,819.371,1.14247,0.42836,0.00762,0.78562,0.61538,0.76795,0.4742,1.20985,1.04957,0.00774,0.002703,0.000901,0.002703,0.000901,0.002703,0.000901,0.002703,0.000901
102,827.49,1.1695,0.42431,0.00788,0.88785,0.6096,0.76544,0.46439,1.22621,1.09957,0.00791,0.00270003,0.00090001,0.00270003,0.00090001,0.00270003,0.00090001,0.00270003,0.00090001
103,835.556,1.11217,0.44695,0.00735,0.75689,0.53846,0.6892,0.42664,1.22736,1.10617,0.00791,0.00269706,0.00089902,0.00269706,0.00089902,0.00269706,0.00089902,0.00269706,0.00089902
104,843.703,1.15527,0.4224,0.00787,0.64071,0.68631,0.72782,0.47909,1.24832,1.02049,0.00813,0.00269409,0.00089803,0.00269409,0.00089803,0.00269409,0.00089803,0.00269409,0.00089803
105,851.786,1.26044,0.40206,0.00819,0.67119,0.69231,0.73474,0.44918,1.32626,1.07445,0.0085,0.00269112,0.00089704,0.00269112,0.00089704,0.00269112,0.00089704,0.00269112,0.00089704
106,859.872,1.02075,0.48786,0.00711,0.85986,0.61538,0.77288,0.44089,1.2388,1.1527,0.00816,0.00268815,0.00089605,0.00268815,0.00089605,0.00268815,0.00089605,0.00268815,0.00089605
107,867.904,1.05187,0.50231,0.00696,0.95938,0.61538,0.79828,0.44227,1.30723,0.80786,0.00868,0.00268518,0.00089506,0.00268518,0.00089506,0.00268518,0.00089506,0.00268518,0.00089506
108,876.049,1.17106,0.40506,0.00834,0.95902,0.69231,0.88937,0.47406,1.23789,0.71577,0.00811,0.00268221,0.00089407,0.00268221,0.00089407,0.00268221,0.00089407,0.00268221,0.00089407
109,884.192,1.15157,0.46578,0.0079,0.7498,0.76923,0.82824,0.44751,1.3232,0.69648,0.00865,0.00267924,0.00089308,0.00267924,0.00089308,0.00267924,0.00089308,0.00267924,0.00089308
110,892.183,1.07118,0.41334,0.00746,0.70418,0.76923,0.80037,0.44603,1.26389,0.74946,0.00831,0.00267627,0.00089209,0.00267627,0.00089209,0.00267627,0.00089209,0.00267627,0.00089209
111,900.376,1.09793,0.3866,0.00737,0.62238,0.88851,0.8462,0.44399,1.33853,0.63781,0.00873,0.0026733,0.0008911,0.0026733,0.0008911,0.0026733,0.0008911,0.0026733,0.0008911
112,908.471,1.12105,0.41444,0.00753,0.66523,0.91743,0.84192,0.42135,1.33813,0.87657,0.00862,0.00267033,0.00089011,0.00267033,0.00089011,0.00267033,0.00089011,0.00267033,0.00089011
113,916.708,1.2033,0.43257,0.00854,0.80868,0.76923,0.86478,0.45466,1.3112,0.76683,0.00835,0.00266736,0.00088912,0.00266736,0.00088912,0.00266736,0.00088912,0.00266736,0.00088912
114,924.784,1.17065,0.41067,0.0077,0.72599,0.8165,0.85296,0.45292,1.17433,0.68582,0.00769,0.00266439,0.00088813,0.00266439,0.00088813,0.00266439,0.00088813,0.00266439,0.00088813
115,932.918,1.07511,0.52049,0.00706,0.98412,0.76923,0.94088,0.48733,1.22266,0.55948,0.00782,0.00266142,0.00088714,0.00266142,0.00088714,0.00266142,0.00088714,0.00266142,0.00088714
116,940.877,1.06687,0.41407,0.00664,0.74668,0.92308,0.93205,0.51121,1.19917,0.59969,0.00772,0.00265845,0.00088615,0.00265845,0.00088615,0.00265845,0.00088615,0.00265845,0.00088615
117,949.028,1.07106,0.3643,0.00779,0.80007,0.92308,0.92964,0.51522,1.16164,0.55192,0.00742,0.00265548,0.00088516,0.00265548,0.00088516,0.00265548,0.00088516,0.00265548,0.00088516
118,957.297,1.06898,0.36622,0.00774,0.73505,0.92308,0.86929,0.47754,1.21305,0.63744,0.00771,0.00265251,0.00088417,0.00265251,0.00088417,0.00265251,0.00088417,0.00265251,0.00088417
119,965.352,1.10228,0.44175,0.00758,0.6879,0.92308,0.87556,0.49107,1.18342,0.68583,0.00741,0.00264954,0.00088318,0.00264954,0.00088318,0.00264954,0.00088318,0.00264954,0.00088318
120,973.645,1.18067,0.47232,0.00879,0.77896,0.84615,0.88836,0.49478,1.23517,0.70274,0.0081,0.00264657,0.00088219,0.00264657,0.00088219,0.00264657,0.00088219,0.00264657,0.00088219
121,981.607,1.06152,0.46193,0.00752,0.66857,1,0.87803,0.4859,1.21773,0.61438,0.00803,0.0026436,0.0008812,0.0026436,0.0008812,0.0026436,0.0008812,0.0026436,0.0008812
122,989.789,1.04823,0.35083,0.00691,0.90762,0.76923,0.89599,0.48382,1.23974,0.68948,0.00813,0.00264063,0.00088021,0.00264063,0.00088021,0.00264063,0.00088021,0.00264063,0.00088021
123,997.811,1.00786,0.30654,0.00705,0.77996,1,0.91918,0.46657,1.26125,0.54535,0.00818,0.00263766,0.00087922,0.00263766,0.00087922,0.00263766,0.00087922,0.00263766,0.00087922
124,1005.98,1.1067,0.42921,0.00764,0.69797,0.92308,0.86767,0.46167,1.23587,0.61604,0.00801,0.00263469,0.00087823,0.00263469,0.00087823,0.00263469,0.00087823,0.00263469,0.00087823
125,1014.1,1.06506,0.43987,0.00741,0.66086,0.90031,0.86382,0.47918,1.23124,0.85216,0.00816,0.00263172,0.00087724,0.00263172,0.00087724,0.00263172,0.00087724,0.00263172,0.00087724
126,1022.12,1.0857,0.36573,0.00736,0.70479,0.91852,0.85192,0.49125,1.17774,0.69061,0.00761,0.00262875,0.00087625,0.00262875,0.00087625,0.00262875,0.00087625,0.00262875,0.00087625
127,1030.26,1.03919,0.39385,0.00653,0.71558,0.84615,0.85482,0.46517,1.24121,0.8565,0.00785,0.00262578,0.00087526,0.00262578,0.00087526,0.00262578,0.00087526,0.00262578,0.00087526
128,1038.41,1.04875,0.45113,0.00709,0.77591,0.92308,0.87617,0.46918,1.29857,0.68804,0.0082,0.00262281,0.00087427,0.00262281,0.00087427,0.00262281,0.00087427,0.00262281,0.00087427
129,1046.55,1.00585,0.33031,0.00639,0.76569,0.75506,0.84903,0.50909,1.21831,0.63906,0.00762,0.00261984,0.00087328,0.00261984,0.00087328,0.00261984,0.00087328,0.00261984,0.00087328
130,1054.7,0.98001,0.36426,0.00638,0.74593,0.76923,0.79521,0.45187,1.33019,0.77251,0.00857,0.00261687,0.00087229,0.00261687,0.00087229,0.00261687,0.00087229,0.00261687,0.00087229
131,1062.71,0.97613,0.34745,0.00646,0.83101,0.75743,0.77127,0.41119,1.36703,0.93655,0.00878,0.0026139,0.0008713,0.0026139,0.0008713,0.0026139,0.0008713,0.0026139,0.0008713
132,1070.71,1.02982,0.4389,0.00721,0.82086,0.70593,0.75764,0.41018,1.38086,0.89867,0.0089,0.00261093,0.00087031,0.00261093,0.00087031,0.00261093,0.00087031,0.00261093,0.00087031
133,1078.8,1.05567,0.40225,0.00731,0.88879,0.76923,0.82467,0.43279,1.33867,0.92941,0.00853,0.00260796,0.00086932,0.00260796,0.00086932,0.00260796,0.00086932,0.00260796,0.00086932
134,1087.07,1.10039,0.37846,0.00703,0.78433,0.84615,0.83985,0.44327,1.35076,0.81782,0.0087,0.00260499,0.00086833,0.00260499,0.00086833,0.00260499,0.00086833,0.00260499,0.00086833
135,1095.17,1.05194,0.4347,0.00683,0.824,0.84615,0.84593,0.42241,1.35741,0.85661,0.00895,0.00260202,0.00086734,0.00260202,0.00086734,0.00260202,0.00086734,0.00260202,0.00086734
136,1103.29,0.98151,0.37777,0.00667,0.84536,0.84138,0.81194,0.44286,1.40209,0.85256,0.00932,0.00259905,0.00086635,0.00259905,0.00086635,0.00259905,0.00086635,0.00259905,0.00086635
137,1111.26,1.04608,0.38595,0.00721,0.66125,0.76923,0.74997,0.3976,1.41969,1.0428,0.0095,0.00259608,0.00086536,0.00259608,0.00086536,0.00259608,0.00086536,0.00259608,0.00086536
138,1119.47,1.04674,0.31459,0.00781,0.6832,0.84615,0.77147,0.37914,1.43525,1.03836,0.00967,0.00259311,0.00086437,0.00259311,0.00086437,0.00259311,0.00086437,0.00259311,0.00086437
139,1127.58,0.97522,0.36986,0.00664,0.72003,0.84615,0.76109,0.38042,1.51792,1.16091,0.00992,0.00259014,0.00086338,0.00259014,0.00086338,0.00259014,0.00086338,0.00259014,0.00086338
140,1135.68,0.9943,0.35048,0.00658,0.60121,0.84615,0.68488,0.37184,1.43065,1.35591,0.00952,0.00258717,0.00086239,0.00258717,0.00086239,0.00258717,0.00086239,0.00258717,0.00086239
141,1143.92,1.01101,0.35746,0.00642,0.64642,0.84615,0.73857,0.41971,1.44911,1.1622,0.00934,0.0025842,0.0008614,0.0025842,0.0008614,0.0025842,0.0008614,0.0025842,0.0008614
142,1151.93,1.06658,0.404,0.00733,0.87625,0.61538,0.7644,0.41883,1.38671,1.20441,0.00894,0.00258123,0.00086041,0.00258123,0.00086041,0.00258123,0.00086041,0.00258123,0.00086041
143,1160.09,1.08337,0.41282,0.00783,0.59724,0.91299,0.75556,0.42201,1.39444,0.86145,0.00903,0.00257826,0.00085942,0.00257826,0.00085942,0.00257826,0.00085942,0.00257826,0.00085942
144,1168.14,1.00904,0.3746,0.0063,0.65668,0.92308,0.81771,0.44111,1.36216,0.75612,0.00882,0.00257529,0.00085843,0.00257529,0.00085843,0.00257529,0.00085843,0.00257529,0.00085843
145,1176.28,0.97264,0.35373,0.00625,0.66375,0.69231,0.81245,0.45193,1.3415,0.90279,0.00883,0.00257232,0.00085744,0.00257232,0.00085744,0.00257232,0.00085744,0.00257232,0.00085744
146,1184.44,0.93828,0.35516,0.00619,0.59495,0.90461,0.82572,0.44429,1.32614,0.87404,0.00878,0.00256935,0.00085645,0.00256935,0.00085645,0.00256935,0.00085645,0.00256935,0.00085645
147,1192.56,1.05275,0.36033,0.00752,0.6592,0.92308,0.85958,0.49497,1.31368,0.71308,0.00877,0.00256638,0.00085546,0.00256638,0.00085546,0.00256638,0.00085546,0.00256638,0.00085546
148,1200.57,0.95461,0.32833,0.00617,0.70236,0.90833,0.88058,0.50082,1.29841,0.73738,0.00871,0.00256341,0.00085447,0.00256341,0.00085447,0.00256341,0.00085447,0.00256341,0.00085447
149,1208.73,0.90556,0.38499,0.00643,0.7458,0.92308,0.89539,0.49616,1.35823,0.68665,0.00901,0.00256044,0.00085348,0.00256044,0.00085348,0.00256044,0.00085348,0.00256044,0.00085348
150,1216.89,0.94117,0.34113,0.00614,0.74931,0.92308,0.83651,0.47638,1.42179,0.76744,0.0094,0.00255747,0.00085249,0.00255747,0.00085249,0.00255747,0.00085249,0.00255747,0.00085249
151,1224.95,0.93957,0.36383,0.00657,0.72296,0.84615,0.83269,0.46593,1.32308,0.82076,0.00874,0.0025545,0.0008515,0.0025545,0.0008515,0.0025545,0.0008515,0.0025545,0.0008515
152,1233.12,1.11143,0.42683,0.00751,0.70153,0.90487,0.82818,0.48502,1.33759,0.79629,0.00884,0.00255153,0.00085051,0.00255153,0.00085051,0.00255153,0.00085051,0.00255153,0.00085051
153,1241.07,1.01613,0.32447,0.00701,0.65861,0.92308,0.83849,0.43996,1.36176,0.75654,0.00911,0.00254856,0.00084952,0.00254856,0.00084952,0.00254856,0.00084952,0.00254856,0.00084952
154,1249.26,0.97974,0.36924,0.00718,0.88995,0.84615,0.88574,0.49287,1.35603,0.80063,0.00902,0.00254559,0.00084853,0.00254559,0.00084853,0.00254559,0.00084853,0.00254559,0.00084853
155,1257.37,1.01921,0.31963,0.00696,0.68155,0.84615,0.80781,0.45505,1.31107,0.94477,0.00872,0.00254262,0.00084754,0.00254262,0.00084754,0.00254262,0.00084754,0.00254262,0.00084754
156,1265.49,0.93773,0.38251,0.00627,0.7018,0.76923,0.82423,0.46455,1.32025,1.07623,0.00869,0.00253965,0.00084655,0.00253965,0.00084655,0.00253965,0.00084655,0.00253965,0.00084655
157,1273.7,0.93267,0.38259,0.00655,0.59721,0.69231,0.72943,0.42235,1.39136,1.05585,0.00926,0.00253668,0.00084556,0.00253668,0.00084556,0.00253668,0.00084556,0.00253668,0.00084556
158,1281.71,0.93644,0.32459,0.0063,0.57925,0.76923,0.74765,0.4063,1.41166,0.95353,0.00939,0.00253371,0.00084457,0.00253371,0.00084457,0.00253371,0.00084457,0.00253371,0.00084457
159,1289.78,0.88041,0.34385,0.0059,0.64278,0.84615,0.83082,0.44389,1.38382,0.92221,0.00913,0.00253074,0.00084358,0.00253074,0.00084358,0.00253074,0.00084358,0.00253074,0.00084358
160,1297.89,0.98919,0.32516,0.00664,0.6825,0.69231,0.73054,0.4407,1.28313,1.24655,0.0086,0.00252777,0.00084259,0.00252777,0.00084259,0.00252777,0.00084259,0.00252777,0.00084259
161,1306.01,0.9272,0.35538,0.00596,0.6552,0.76923,0.74208,0.44648,1.31685,1.12496,0.00865,0.0025248,0.0008416,0.0025248,0.0008416,0.0025248,0.0008416,0.0025248,0.0008416
162,1314.23,0.94585,0.30522,0.0062,0.66345,0.75885,0.74807,0.45348,1.29049,1.14075,0.00852,0.00252183,0.00084061,0.00252183,0.00084061,0.00252183,0.00084061,0.00252183,0.00084061
163,1322.26,0.84939,0.26938,0.00563,0.62334,0.92308,0.77393,0.43082,1.3166,0.99856,0.00875,0.00251886,0.00083962,0.00251886,0.00083962,0.00251886,0.00083962,0.00251886,0.00083962
164,1330.15,0.8988,0.28338,0.00584,0.65608,0.88154,0.84439,0.44582,1.367,0.83628,0.00914,0.00251589,0.00083863,0.00251589,0.00083863,0.00251589,0.00083863,0.00251589,0.00083863
165,1338.32,0.90683,0.29327,0.00585,0.79174,0.69231,0.86045,0.46683,1.39557,0.91237,0.00939,0.00251292,0.00083764,0.00251292,0.00083764,0.00251292,0.00083764,0.00251292,0.00083764
166,1346.37,0.89229,0.26912,0.00575,0.81053,0.69231,0.78682,0.42641,1.40928,1.02644,0.00965,0.00250995,0.00083665,0.00250995,0.00083665,0.00250995,0.00083665,0.00250995,0.00083665
167,1354.6,0.99128,0.3238,0.0066,0.75882,0.76923,0.82153,0.46685,1.34803,0.94422,0.00897,0.00250698,0.00083566,0.00250698,0.00083566,0.00250698,0.00083566,0.00250698,0.00083566
168,1362.66,0.90857,0.31525,0.00607,0.6181,0.99616,0.81731,0.42776,1.33276,0.81824,0.00867,0.00250401,0.00083467,0.00250401,0.00083467,0.00250401,0.00083467,0.00250401,0.00083467
169,1370.7,0.95504,0.30026,0.0064,0.67259,1,0.84175,0.46778,1.32873,0.73342,0.00859,0.00250104,0.00083368,0.00250104,0.00083368,0.00250104,0.00083368,0.00250104,0.00083368
170,1378.82,0.94093,0.30632,0.00591,0.64953,0.99804,0.81762,0.44633,1.40424,0.73575,0.00898,0.00249807,0.00083269,0.00249807,0.00083269,0.00249807,0.00083269,0.00249807,0.00083269
171,1387.09,1.00657,0.30556,0.00677,0.67909,0.84615,0.80646,0.42954,1.42543,0.72843,0.00919,0.0024951,0.0008317,0.0024951,0.0008317,0.0024951,0.0008317,0.0024951,0.0008317
172,1395.15,0.94231,0.26421,0.00626,0.6756,1,0.82935,0.42351,1.42603,0.73401,0.00938,0.00249213,0.00083071,0.00249213,0.00083071,0.00249213,0.00083071,0.00249213,0.00083071
173,1403.28,0.96778,0.3994,0.00622,0.64989,0.99955,0.83894,0.42956,1.46267,0.76357,0.00963,0.00248916,0.00082972,0.00248916,0.00082972,0.00248916,0.00082972,0.00248916,0.00082972
174,1411.22,0.89681,0.2721,0.00592,0.70821,0.84615,0.85005,0.4298,1.43779,0.72644,0.00949,0.00248619,0.00082873,0.00248619,0.00082873,0.00248619,0.00082873,0.00248619,0.00082873
175,1419.39,0.84818,0.26146,0.00575,0.68006,1,0.88048,0.46026,1.37738,0.69988,0.00908,0.00248322,0.00082774,0.00248322,0.00082774,0.00248322,0.00082774,0.00248322,0.00082774
176,1427.51,0.96289,0.33352,0.00623,0.65726,0.92308,0.87333,0.42752,1.45852,0.7864,0.0096,0.00248025,0.00082675,0.00248025,0.00082675,0.00248025,0.00082675,0.00248025,0.00082675
177,1435.62,0.95061,0.29567,0.00606,0.66233,0.92308,0.84559,0.44115,1.44464,0.88024,0.00959,0.00247728,0.00082576,0.00247728,0.00082576,0.00247728,0.00082576,0.00247728,0.00082576
178,1443.79,0.9403,0.29031,0.00619,0.66303,0.90881,0.88523,0.48211,1.36263,0.83572,0.00903,0.00247431,0.00082477,0.00247431,0.00082477,0.00247431,0.00082477,0.00247431,0.00082477
179,1451.91,0.8934,0.32273,0.00601,0.69634,0.92308,0.91044,0.47538,1.38157,0.79093,0.00914,0.00247134,0.00082378,0.00247134,0.00082378,0.00247134,0.00082378,0.00247134,0.00082378
180,1459.85,0.85186,0.30733,0.00561,0.9287,0.69231,0.88352,0.46937,1.40966,0.80921,0.00941,0.00246837,0.00082279,0.00246837,0.00082279,0.00246837,0.00082279,0.00246837,0.00082279
181,1467.96,0.84716,0.25787,0.00571,0.93961,0.69231,0.90315,0.47098,1.41183,0.71162,0.00943,0.0024654,0.0008218,0.0024654,0.0008218,0.0024654,0.0008218,0.0024654,0.0008218
182,1476.02,0.77916,0.28202,0.0049,0.69969,0.92308,0.89784,0.4611,1.36009,0.62649,0.00912,0.00246243,0.00082081,0.00246243,0.00082081,0.00246243,0.00082081,0.00246243,0.00082081
183,1484.17,0.93102,0.30105,0.00613,0.70943,1,0.90367,0.48499,1.33787,0.67903,0.00885,0.00245946,0.00081982,0.00245946,0.00081982,0.00245946,0.00081982,0.00245946,0.00081982
184,1492.3,0.94346,0.34327,0.00618,0.64028,1,0.88295,0.45609,1.3961,0.69523,0.00929,0.00245649,0.00081883,0.00245649,0.00081883,0.00245649,0.00081883,0.00245649,0.00081883
185,1500.24,0.86903,0.29869,0.00579,0.65918,0.92308,0.86359,0.42592,1.40474,0.73385,0.00927,0.00245352,0.00081784,0.00245352,0.00081784,0.00245352,0.00081784,0.00245352,0.00081784
186,1508.32,0.85405,0.24367,0.00533,0.69708,0.92308,0.87022,0.40631,1.42044,0.81134,0.00946,0.00245055,0.00081685,0.00245055,0.00081685,0.00245055,0.00081685,0.00245055,0.00081685
187,1516.5,0.89415,0.33422,0.00611,0.73255,0.84615,0.85026,0.4184,1.34685,0.83706,0.00899,0.00244758,0.00081586,0.00244758,0.00081586,0.00244758,0.00081586,0.00244758,0.00081586
188,1524.62,0.88383,0.3024,0.00559,0.83827,0.84615,0.84454,0.43244,1.41392,0.8246,0.00936,0.00244461,0.00081487,0.00244461,0.00081487,0.00244461,0.00081487,0.00244461,0.00081487
189,1532.75,0.89039,0.26775,0.00627,0.78438,0.84615,0.86886,0.44819,1.37261,0.79518,0.00906,0.00244164,0.00081388,0.00244164,0.00081388,0.00244164,0.00081388,0.00244164,0.00081388
190,1540.68,0.87223,0.28543,0.00539,0.81728,0.76923,0.86266,0.46364,1.36689,0.77107,0.00906,0.00243867,0.00081289,0.00243867,0.00081289,0.00243867,0.00081289,0.00243867,0.00081289
