epoch;time;train/box_loss;train/cls_loss;train/dfl_loss;metrics/precision(B);metrics/recall(B);metrics/mAP50(B);metrics/mAP50-95(B);val/box_loss;val/cls_loss;val/dfl_loss;lr/pg0;lr/pg1;lr/pg2;lr/pg3;lr/pg4;lr/pg5;lr/pg6;lr/pg7
115;932.918;107.511;0.52049;0.00706;0.98412;0.76923;0,94088;0,48733;122.266;0.55948;0.00782;0.00266142;0.00088714;0.00266142;0.00088714;0.00266142;0.00088714;0.00266142;0.00088714
116;940.877;106.687;0.41407;0.00664;0.74668;0.92308;0,93205;0,51121;119.917;0.59969;0.00772;0.00265845;0.00088615;0.00265845;0.00088615;0.00265845;0.00088615;0.00265845;0.00088615
72;584.638;133.887;0.61186;0.00973;0.78049;0.92308;0,93127;0,4505;144.731;0.66324;0.00919;0.00278913;0.00092971;0.00278913;0.00092971;0.00278913;0.00092971;0.00278913;0.00092971
117;949.028;107.106;0.3643;0.00779;0.80007;0.92308;0,92964;0,51522;116.164;0.55192;0.00742;0.00265548;0.00088516;0.00265548;0.00088516;0.00265548;0.00088516;0.00265548;0.00088516
123;997.811;100.786;0.30654;0.00705;0.77996;1;0,91918;0,46657;126.125;0.54535;0.00818;0.00263766;0.00087922;0.00263766;0.00087922;0.00263766;0.00087922;0.00263766;0.00087922
179;1451.91;0.8934;0.32273;0.00601;0.69634;0.92308;0,91044;0,47538;138.157;0.79093;0.00914;0.00247134;0.00082378;0.00247134;0.00082378;0.00247134;0.00082378;0.00247134;0.00082378
183;1484.17;0.93102;0.30105;0.00613;0.70943;1;0,90367;0,48499;133.787;0.67903;0.00885;0.00245946;0.00081982;0.00245946;0.00081982;0.00245946;0.00081982;0.00245946;0.00081982
181;1467.96;0.84716;0.25787;0.00571;0.93961;0.69231;0,90315;0,47098;141.183;0.71162;0.00943;0.0024654;0.0008218;0.0024654;0.0008218;0.0024654;0.0008218;0.0024654;0.0008218
63;511.505;131.294;0.58601;0.00862;0.84727;0.76923;0,90172;0,38971;154.499;0.65609;0.00982;0.00281586;0.00093862;0.00281586;0.00093862;0.00281586;0.00093862;0.00281586;0.00093862
182;1476.02;0.77916;0.28202;0.0049;0.69969;0.92308;0,89784;0,4611;136.009;0.62649;0.00912;0.00246243;0.00082081;0.00246243;0.00082081;0.00246243;0.00082081;0.00246243;0.00082081
122;989.789;104.823;0.35083;0.00691;0.90762;0.76923;0,89599;0,48382;123.974;0.68948;0.00813;0.00264063;0.00088021;0.00264063;0.00088021;0.00264063;0.00088021;0.00264063;0.00088021
149;1208.73;0.90556;0.38499;0.00643;0.7458;0.92308;0,89539;0,49616;135.823;0.68665;0.00901;0.00256044;0.00085348;0.00256044;0.00085348;0.00256044;0.00085348;0.00256044;0.00085348
92;746.42;124.195;0.44796;0.00859;0.98565;0.69231;0,895;0,49782;126.509;0.64651;0.00823;0.00272973;0.00090991;0.00272973;0.00090991;0.00272973;0.00090991;0.00272973;0.00090991
69;560.153;129.362;0.61836;0.00901;0.74438;0.89714;0,89291;0,43001;148.086;0.63889;0.00913;0.00279804;0.00093268;0.00279804;0.00093268;0.00279804;0.00093268;0.00279804;0.00093268
108;876.049;117.106;0.40506;0.00834;0.95902;0.69231;0,88937;0,47406;123.789;0.71577;0.00811;0.00268221;0.00089407;0.00268221;0.00089407;0.00268221;0.00089407;0.00268221;0.00089407
120;973.645;118.067;0.47232;0.00879;0.77896;0.84615;0,88836;0,49478;123.517;0.70274;0.0081;0.00264657;0.00088219;0.00264657;0.00088219;0.00264657;0.00088219;0.00264657;0.00088219
54;438.428;147.676;0.66872;0.01017;0.70804;1;0,88805;0,36503;151.215;0.57422;0.00956;0.00284259;0.00094753;0.00284259;0.00094753;0.00284259;0.00094753;0.00284259;0.00094753
57;462.671;139.116;0.65188;0.0102;0.76461;0.99949;0,88676;0,42094;138.886;0.68239;0.00868;0.00283368;0.00094456;0.00283368;0.00094456;0.00283368;0.00094456;0.00283368;0.00094456
154;1249.26;0.97974;0.36924;0.00718;0.88995;0.84615;0,88574;0,49287;135.603;0.80063;0.00902;0.00254559;0.00084853;0.00254559;0.00084853;0.00254559;0.00084853;0.00254559;0.00084853
178;1443.79;0.9403;0.29031;0.00619;0.66303;0.90881;0,88523;0,48211;136.263;0.83572;0.00903;0.00247431;0.00082477;0.00247431;0.00082477;0.00247431;0.00082477;0.00247431;0.00082477
70;568.256;134.669;0.61761;0.00932;0.90264;0.71462;0,88508;0,45116;138.832;0.66098;0.0086;0.00279507;0.00093169;0.00279507;0.00093169;0.00279507;0.00093169;0.00279507;0.00093169
50;406.033;137.698;0.65495;0.00964;0.81005;0.98491;0,8838;0,37308;152.746;0.56529;0.00952;0.00285447;0.00095149;0.00285447;0.00095149;0.00285447;0.00095149;0.00285447;0.00095149
180;1459.85;0.85186;0.30733;0.00561;0.9287;0.69231;0,88352;0,46937;140.966;0.80921;0.00941;0.00246837;0.00082279;0.00246837;0.00082279;0.00246837;0.00082279;0.00246837;0.00082279
184;1492.3;0.94346;0.34327;0.00618;0.64028;1;0,88295;0,45609;13.961;0.69523;0.00929;0.00245649;0.00081883;0.00245649;0.00081883;0.00245649;0.00081883;0.00245649;0.00081883
53;430.197;140.011;0.82899;0.00976;0.73009;0.92308;0,88288;0,41735;145.112;0.63961;0.00909;0.00284556;0.00094852;0.00284556;0.00094852;0.00284556;0.00094852;0.00284556;0.00094852
61;495.23;130.193;0.60787;0.00889;0.80567;0.76923;0,88186;0,40515;147.539;0.67185;0.00932;0.0028218;0.0009406;0.0028218;0.0009406;0.0028218;0.0009406;0.0028218;0.0009406
51;414.143;136.515;0.74797;0.00922;0.79657;0.9046;0,88142;0,36617;144.859;0.68326;0.00921;0.0028515;0.0009505;0.0028515;0.0009505;0.0028515;0.0009505;0.0028515;0.0009505
58;470.787;129.938;0.57768;0.009;0.78415;0.92308;0,88089;0,36391;144.303;0.59354;0.00921;0.00283071;0.00094357;0.00283071;0.00094357;0.00283071;0.00094357;0.00283071;0.00094357
148;1200.57;0.95461;0.32833;0.00617;0.70236;0.90833;0,88058;0,50082;129.841;0.73738;0.00871;0.00256341;0.00085447;0.00256341;0.00085447;0.00256341;0.00085447;0.00256341;0.00085447
175;1419.39;0.84818;0.26146;0.00575;0.68006;1;0,88048;0,46026;137.738;0.69988;0.00908;0.00248322;0.00082774;0.00248322;0.00082774;0.00248322;0.00082774;0.00248322;0.00082774
55;446.581;138.653;0.64169;0.00947;0.72073;0.99298;0,87815;0,40962;143.224;0.65229;0.0089;0.00283962;0.00094654;0.00283962;0.00094654;0.00283962;0.00094654;0.00283962;0.00094654
121;981.607;106.152;0.46193;0.00752;0.66857;1;0,87803;0,4859;121.773;0.61438;0.00803;0.0026436;0.0008812;0.0026436;0.0008812;0.0026436;0.0008812;0.0026436;0.0008812
128;1038.41;104.875;0.45113;0.00709;0.77591;0.92308;0,87617;0,46918;129.857;0.68804;0.0082;0.00262281;0.00087427;0.00262281;0.00087427;0.00262281;0.00087427;0.00262281;0.00087427
119;965.352;110.228;0.44175;0.00758;0.6879;0.92308;0,87556;0,49107;118.342;0.68583;0.00741;0.00264954;0.00088318;0.00264954;0.00088318;0.00264954;0.00088318;0.00264954;0.00088318
62;503.228;139.121;0.62391;0.0094;0.74604;0.84615;0,8755;0,39693;144.008;0.67494;0.00889;0.00281883;0.00093961;0.00281883;0.00093961;0.00281883;0.00093961;0.00281883;0.00093961
176;1427.51;0.96289;0.33352;0.00623;0.65726;0.92308;0,87333;0,42752;145.852;0.7864;0.0096;0.00248025;0.00082675;0.00248025;0.00082675;0.00248025;0.00082675;0.00248025;0.00082675
64;519.645;133.722;0.63295;0.00955;0.82057;0.76923;0,87234;0,38398;146.986;0.76188;0.0093;0.00281289;0.00093763;0.00281289;0.00093763;0.00281289;0.00093763;0.00281289;0.00093763
186;1508.32;0.85405;0.24367;0.00533;0.69708;0.92308;0,87022;0,40631;142.044;0.81134;0.00946;0.00245055;0.00081685;0.00245055;0.00081685;0.00245055;0.00081685;0.00245055;0.00081685
118;957.297;106.898;0.36622;0.00774;0.73505;0.92308;0,86929;0,47754;121.305;0.63744;0.00771;0.00265251;0.00088417;0.00265251;0.00088417;0.00265251;0.00088417;0.00265251;0.00088417
189;1532.75;0.89039;0.26775;0.00627;0.78438;0.84615;0,86886;0,44819;137.261;0.79518;0.00906;0.00244164;0.00081388;0.00244164;0.00081388;0.00244164;0.00081388;0.00244164;0.00081388
52;422.071;13.812;0.6839;0.00954;0.74164;0.92308;0,86819;0,35858;146.761;0.6539;0.00929;0.00284853;0.00094951;0.00284853;0.00094951;0.00284853;0.00094951;0.00284853;0.00094951
124;1005.98;11.067;0.42921;0.00764;0.69797;0.92308;0,86767;0,46167;123.587;0.61604;0.00801;0.00263469;0.00087823;0.00263469;0.00087823;0.00263469;0.00087823;0.00263469;0.00087823
60;487.116;13.451;0.63998;0.00924;0.7446;0.89815;0,86731;0,46408;144.406;0.60707;0.00909;0.00282477;0.00094159;0.00282477;0.00094159;0.00282477;0.00094159;0.00282477;0.00094159
48;389.888;131.648;0.76939;0.00966;0.71858;1;0,86657;0,32164;159.272;0.71247;0.00974;0.00286041;0.00095347;0.00286041;0.00095347;0.00286041;0.00095347;0.00286041;0.00095347
113;916.708;12.033;0.43257;0.00854;0.80868;0.76923;0,86478;0,45466;13.112;0.76683;0.00835;0.00266736;0.00088912;0.00266736;0.00088912;0.00266736;0.00088912;0.00266736;0.00088912
87;705.77;126.631;0.4212;0.00868;0.8165;0.6852;0,86457;0,42708;137.739;0.80619;0.00884;0.00274458;0.00091486;0.00274458;0.00091486;0.00274458;0.00091486;0.00274458;0.00091486
125;1014.1;106.506;0.43987;0.00741;0.66086;0.90031;0,86382;0,47918;123.124;0.85216;0.00816;0.00263172;0.00087724;0.00263172;0.00087724;0.00263172;0.00087724;0.00263172;0.00087724
185;1500.24;0.86903;0.29869;0.00579;0.65918;0.92308;0,86359;0,42592;140.474;0.73385;0.00927;0.00245352;0.00081784;0.00245352;0.00081784;0.00245352;0.00081784;0.00245352;0.00081784
190;1540.68;0.87223;0.28543;0.00539;0.81728;0.76923;0,86266;0,46364;136.689;0.77107;0.00906;0.00243867;0.00081289;0.00243867;0.00081289;0.00243867;0.00081289;0.00243867;0.00081289
65;527.813;138.402;0.5359;0.00954;0.75098;0.76923;0,8617;0,36382;147.184;0.73612;0.0093;0.00280992;0.00093664;0.00280992;0.00093664;0.00280992;0.00093664;0.00280992;0.00093664
165;1338.32;0.90683;0.29327;0.00585;0.79174;0.69231;0,86045;0,46683;139.557;0.91237;0.00939;0.00251292;0.00083764;0.00251292;0.00083764;0.00251292;0.00083764;0.00251292;0.00083764
147;1192.56;105.275;0.36033;0.00752;0.6592;0.92308;0,85958;0,49497;131.368;0.71308;0.00877;0.00256638;0.00085546;0.00256638;0.00085546;0.00256638;0.00085546;0.00256638;0.00085546
127;1030.26;103.919;0.39385;0.00653;0.71558;0.84615;0,85482;0,46517;124.121;0.8565;0.00785;0.00262578;0.00087526;0.00262578;0.00087526;0.00262578;0.00087526;0.00262578;0.00087526
114;924.784;117.065;0.41067;0.0077;0.72599;0.8165;0,85296;0,45292;117.433;0.68582;0.00769;0.00266439;0.00088813;0.00266439;0.00088813;0.00266439;0.00088813;0.00266439;0.00088813
126;1022.12;10.857;0.36573;0.00736;0.70479;0.91852;0,85192;0,49125;117.774;0.69061;0.00761;0.00262875;0.00087625;0.00262875;0.00087625;0.00262875;0.00087625;0.00262875;0.00087625
71;576.407;128.501;0.58837;0.0089;0.80535;0.76923;0,85095;0,44235;140.967;0.69724;0.0087;0.0027921;0.0009307;0.0027921;0.0009307;0.0027921;0.0009307;0.0027921;0.0009307
49;397.941;136.989;0.66711;0.01008;0.77952;0.76923;0,85086;0,39494;15.104;0.5987;0.00931;0.00285744;0.00095248;0.00285744;0.00095248;0.00285744;0.00095248;0.00285744;0.00095248
187;1516.5;0.89415;0.33422;0.00611;0.73255;0.84615;0,85026;0,4184;134.685;0.83706;0.00899;0.00244758;0.00081586;0.00244758;0.00081586;0.00244758;0.00081586;0.00244758;0.00081586
174;1411.22;0.89681;0.2721;0.00592;0.70821;0.84615;0,85005;0,4298;143.779;0.72644;0.00949;0.00248619;0.00082873;0.00248619;0.00082873;0.00248619;0.00082873;0.00248619;0.00082873
129;1046.55;100.585;0.33031;0.00639;0.76569;0.75506;0,84903;0,50909;121.831;0.63906;0.00762;0.00261984;0.00087328;0.00261984;0.00087328;0.00261984;0.00087328;0.00261984;0.00087328
111;900.376;109.793;0.3866;0.00737;0.62238;0.88851;0,8462;0,44399;133.853;0.63781;0.00873;0.0026733;0.0008911;0.0026733;0.0008911;0.0026733;0.0008911;0.0026733;0.0008911
135;1095.17;105.194;0.4347;0.00683;0.824;0.84615;0,84593;0,42241;135.741;0.85661;0.00895;0.00260202;0.00086734;0.00260202;0.00086734;0.00260202;0.00086734;0.00260202;0.00086734
90;730.042;126.585;0.44739;0.00876;0.88827;0.69231;0,84592;0,51803;126.041;0.81951;0.00811;0.00273567;0.00091189;0.00273567;0.00091189;0.00273567;0.00091189;0.00273567;0.00091189
177;1435.62;0.95061;0.29567;0.00606;0.66233;0.92308;0,84559;0,44115;144.464;0.88024;0.00959;0.00247728;0.00082576;0.00247728;0.00082576;0.00247728;0.00082576;0.00247728;0.00082576
188;1524.62;0.88383;0.3024;0.00559;0.83827;0.84615;0,84454;0,43244;141.392;0.8246;0.00936;0.00244461;0.00081487;0.00244461;0.00081487;0.00244461;0.00081487;0.00244461;0.00081487
164;1330.15;0.8988;0.28338;0.00584;0.65608;0.88154;0,84439;0,44582;1.367;0.83628;0.00914;0.00251589;0.00083863;0.00251589;0.00083863;0.00251589;0.00083863;0.00251589;0.00083863
112;908.471;112.105;0.41444;0.00753;0.66523;0.91743;0,84192;0,42135;133.813;0.87657;0.00862;0.00267033;0.00089011;0.00267033;0.00089011;0.00267033;0.00089011;0.00267033;0.00089011
169;1370.7;0.95504;0.30026;0.0064;0.67259;1;0,84175;0,46778;132.873;0.73342;0.00859;0.00250104;0.00083368;0.00250104;0.00083368;0.00250104;0.00083368;0.00250104;0.00083368
134;1087.07;110.039;0.37846;0.00703;0.78433;0.84615;0,83985;0,44327;135.076;0.81782;0.0087;0.00260499;0.00086833;0.00260499;0.00086833;0.00260499;0.00086833;0.00260499;0.00086833
173;1403.28;0.96778;0.3994;0.00622;0.64989;0.99955;0,83894;0,42956;146.267;0.76357;0.00963;0.00248916;0.00082972;0.00248916;0.00082972;0.00248916;0.00082972;0.00248916;0.00082972
153;1241.07;101.613;0.32447;0.00701;0.65861;0.92308;0,83849;0,43996;136.176;0.75654;0.00911;0.00254856;0.00084952;0.00254856;0.00084952;0.00254856;0.00084952;0.00254856;0.00084952
93;754.585;11.195;0.399;0.0078;0.86891;0.69231;0,83793;0,49958;129.314;0.72683;0.00842;0.00272676;0.00090892;0.00272676;0.00090892;0.00272676;0.00090892;0.00272676;0.00090892
73;592.531;129.609;0.57068;0.00922;0.69399;1;0,83711;0,39575;144.018;0.64445;0.00903;0.00278616;0.00092872;0.00278616;0.00092872;0.00278616;0.00092872;0.00278616;0.00092872
150;1216.89;0.94117;0.34113;0.00614;0.74931;0.92308;0,83651;0,47638;142.179;0.76744;0.0094;0.00255747;0.00085249;0.00255747;0.00085249;0.00255747;0.00085249;0.00255747;0.00085249
151;1224.95;0.93957;0.36383;0.00657;0.72296;0.84615;0,83269;0,46593;132.308;0.82076;0.00874;0.0025545;0.0008515;0.0025545;0.0008515;0.0025545;0.0008515;0.0025545;0.0008515
159;1289.78;0.88041;0.34385;0.0059;0.64278;0.84615;0,83082;0,44389;138.382;0.92221;0.00913;0.00253074;0.00084358;0.00253074;0.00084358;0.00253074;0.00084358;0.00253074;0.00084358
172;1395.15;0.94231;0.26421;0.00626;0.6756;1;0,82935;0,42351;142.603;0.73401;0.00938;0.00249213;0.00083071;0.00249213;0.00083071;0.00249213;0.00083071;0.00249213;0.00083071
89;721.953;126.627;0.51415;0.00846;0.68405;0.83341;0,82928;0,45032;137.163;0.82078;0.00891;0.00273864;0.00091288;0.00273864;0.00091288;0.00273864;0.00091288;0.00273864;0.00091288
109;884.192;115.157;0.46578;0.0079;0.7498;0.76923;0,82824;0,44751;13.232;0.69648;0.00865;0.00267924;0.00089308;0.00267924;0.00089308;0.00267924;0.00089308;0.00267924;0.00089308
152;1233.12;111.143;0.42683;0.00751;0.70153;0.90487;0,82818;0,48502;133.759;0.79629;0.00884;0.00255153;0.00085051;0.00255153;0.00085051;0.00255153;0.00085051;0.00255153;0.00085051
146;1184.44;0.93828;0.35516;0.00619;0.59495;0.90461;0,82572;0,44429;132.614;0.87404;0.00878;0.00256935;0.00085645;0.00256935;0.00085645;0.00256935;0.00085645;0.00256935;0.00085645
133;1078.8;105.567;0.40225;0.00731;0.88879;0.76923;0,82467;0,43279;133.867;0.92941;0.00853;0.00260796;0.00086932;0.00260796;0.00086932;0.00260796;0.00086932;0.00260796;0.00086932
156;1265.49;0.93773;0.38251;0.00627;0.7018;0.76923;0,82423;0,46455;132.025;107.623;0.00869;0.00253965;0.00084655;0.00253965;0.00084655;0.00253965;0.00084655;0.00253965;0.00084655
167;1354.6;0.99128;0.3238;0.0066;0.75882;0.76923;0,82153;0,46685;134.803;0.94422;0.00897;0.00250698;0.00083566;0.00250698;0.00083566;0.00250698;0.00083566;0.00250698;0.00083566
59;478.901;139.622;0.5779;0.00953;0.72182;0.84615;0,82014;0,37269;145.026;0.68177;0.00928;0.00282774;0.00094258;0.00282774;0.00094258;0.00282774;0.00094258;0.00282774;0.00094258
91;738.164;111.235;0.39751;0.00793;0.941;0.61538;0,81989;0,51215;124.667;0.68882;0.00809;0.0027327;0.0009109;0.0027327;0.0009109;0.0027327;0.0009109;0.0027327;0.0009109
86;697.657;119.489;0.46493;0.00782;0.8884;0.69231;0,81914;0,45808;131.207;0.74518;0.00833;0.00274755;0.00091585;0.00274755;0.00091585;0.00274755;0.00091585;0.00274755;0.00091585
144;1168.14;100.904;0.3746;0.0063;0.65668;0.92308;0,81771;0,44111;136.216;0.75612;0.00882;0.00257529;0.00085843;0.00257529;0.00085843;0.00257529;0.00085843;0.00257529;0.00085843
170;1378.82;0.94093;0.30632;0.00591;0.64953;0.99804;0,81762;0,44633;140.424;0.73575;0.00898;0.00249807;0.00083269;0.00249807;0.00083269;0.00249807;0.00083269;0.00249807;0.00083269
168;1362.66;0.90857;0.31525;0.00607;0.6181;0.99616;0,81731;0,42776;133.276;0.81824;0.00867;0.00250401;0.00083467;0.00250401;0.00083467;0.00250401;0.00083467;0.00250401;0.00083467
45;365.681;142.086;0.91046;0.0103;0.68906;0.76923;0,81623;0,34833;135.086;0.85701;0.00827;0.00286932;0.00095644;0.00286932;0.00095644;0.00286932;0.00095644;0.00286932;0.00095644
68;552.029;132.277;0.63357;0.00926;0.66375;0.84615;0,81477;0,34965;157.445;0.88879;0.01017;0.00280101;0.00093367;0.00280101;0.00093367;0.00280101;0.00093367;0.00280101;0.00093367
145;1176.28;0.97264;0.35373;0.00625;0.66375;0.69231;0,81245;0,45193;13.415;0.90279;0.00883;0.00257232;0.00085744;0.00257232;0.00085744;0.00257232;0.00085744;0.00257232;0.00085744
136;1103.29;0.98151;0.37777;0.00667;0.84536;0.84138;0,81194;0,44286;140.209;0.85256;0.00932;0.00259905;0.00086635;0.00259905;0.00086635;0.00259905;0.00086635;0.00259905;0.00086635
82;665.434;117.936;0.54167;0.00841;0.68732;0.84615;0,8104;0,4515;125.457;0.80586;0.00779;0.00275943;0.00091981;0.00275943;0.00091981;0.00275943;0.00091981;0.00275943;0.00091981
88;713.921;129.801;0.54344;0.0094;0.73999;0.76923;0,81006;0,41822;138.684;0.95811;0.00895;0.00274161;0.00091387;0.00274161;0.00091387;0.00274161;0.00091387;0.00274161;0.00091387
56;454.743;129.424;0.59863;0.00898;0.65505;0.92308;0,80846;0,37694;150.272;0.58637;0.00955;0.00283665;0.00094555;0.00283665;0.00094555;0.00283665;0.00094555;0.00283665;0.00094555
155;1257.37;101.921;0.31963;0.00696;0.68155;0.84615;0,80781;0,45505;131.107;0.94477;0.00872;0.00254262;0.00084754;0.00254262;0.00084754;0.00254262;0.00084754;0.00254262;0.00084754
171;1387.09;100.657;0.30556;0.00677;0.67909;0.84615;0,80646;0,42954;142.543;0.72843;0.00919;0.0024951;0.0008317;0.0024951;0.0008317;0.0024951;0.0008317;0.0024951;0.0008317
85;689.662;135.167;0.4619;0.00922;0.82491;0.76923;0,80563;0,43198;139.167;0.76268;0.00886;0.00275052;0.00091684;0.00275052;0.00091684;0.00275052;0.00091684;0.00275052;0.00091684
110;892.183;107.118;0.41334;0.00746;0.70418;0.76923;0,80037;0,44603;126.389;0.74946;0.00831;0.00267627;0.00089209;0.00267627;0.00089209;0.00267627;0.00089209;0.00267627;0.00089209
46;373.618;144.388;0.83195;0.01035;0.64493;0.83874;0,79894;0,35623;138.406;0.84837;0.00852;0.00286635;0.00095545;0.00286635;0.00095545;0.00286635;0.00095545;0.00286635;0.00095545
107;867.904;105.187;0.50231;0.00696;0.95938;0.61538;0,79828;0,44227;130.723;0.80786;0.00868;0.00268518;0.00089506;0.00268518;0.00089506;0.00268518;0.00089506;0.00268518;0.00089506
130;1054.7;0.98001;0.36426;0.00638;0.74593;0.76923;0,79521;0,45187;133.019;0.77251;0.00857;0.00261687;0.00087229;0.00261687;0.00087229;0.00261687;0.00087229;0.00261687;0.00087229
96;778.699;11.012;0.38292;0.00759;0.805;0.63653;0,79209;0,49623;116.947;113.133;0.0073;0.00271785;0.00090595;0.00271785;0.00090595;0.00271785;0.00090595;0.00271785;0.00090595
99;803.111;114.242;0.42681;0.00821;0.85014;0.69231;0,78909;0,4426;128.461;0.95176;0.00834;0.00270894;0.00090298;0.00270894;0.00090298;0.00270894;0.00090298;0.00270894;0.00090298
95;770.623;124.158;0.421;0.00894;0.84326;0.69231;0,78895;0,49059;12.571;0.83838;0.0082;0.00272082;0.00090694;0.00272082;0.00090694;0.00272082;0.00090694;0.00272082;0.00090694
75;608.792;13.289;0.57361;0.00988;0.56597;0.90346;0,7885;0,39985;143.152;0.81932;0.00923;0.00278022;0.00092674;0.00278022;0.00092674;0.00278022;0.00092674;0.00278022;0.00092674
166;1346.37;0.89229;0.26912;0.00575;0.81053;0.69231;0,78682;0,42641;140.928;102.644;0.00965;0.00250995;0.00083665;0.00250995;0.00083665;0.00250995;0.00083665;0.00250995;0.00083665
37;300.955;146.577;0.7925;0.01083;0.71417;0.76882;0,77986;0,37148;15.251;0.66686;0.00952;0.00289308;0.00096436;0.00289308;0.00096436;0.00289308;0.00096436;0.00289308;0.00096436
100;811.155;114.253;0.45606;0.00772;0.87862;0.69231;0,77886;0,47178;127.755;0.86019;0.00835;0.00270597;0.00090199;0.00270597;0.00090199;0.00270597;0.00090199;0.00270597;0.00090199
81;657.352;128.629;0.52858;0.00874;0.76458;0.75061;0,77642;0,43842;128.318;0.85567;0.00796;0.0027624;0.0009208;0.0027624;0.0009208;0.0027624;0.0009208;0.0027624;0.0009208
163;1322.26;0.84939;0.26938;0.00563;0.62334;0.92308;0,77393;0,43082;13.166;0.99856;0.00875;0.00251886;0.00083962;0.00251886;0.00083962;0.00251886;0.00083962;0.00251886;0.00083962
106;859.872;102.075;0.48786;0.00711;0.85986;0.61538;0,77288;0,44089;12.388;11.527;0.00816;0.00268815;0.00089605;0.00268815;0.00089605;0.00268815;0.00089605;0.00268815;0.00089605
138;1119.47;104.674;0.31459;0.00781;0.6832;0.84615;0,77147;0,37914;143.525;103.836;0.00967;0.00259311;0.00086437;0.00259311;0.00086437;0.00259311;0.00086437;0.00259311;0.00086437
131;1062.71;0.97613;0.34745;0.00646;0.83101;0.75743;0,77127;0,41119;136.703;0.93655;0.00878;0.0026139;0.0008713;0.0026139;0.0008713;0.0026139;0.0008713;0.0026139;0.0008713
74;600.654;131.126;0.56663;0.00961;0.64218;0.84615;0,76958;0,39166;143.437;0.67173;0.00964;0.00278319;0.00092773;0.00278319;0.00092773;0.00278319;0.00092773;0.00278319;0.00092773
101;819.371;114.247;0.42836;0.00762;0.78562;0.61538;0,76795;0,4742;120.985;104.957;0.00774;0.002703;0.000901;0.002703;0.000901;0.002703;0.000901;0.002703;0.000901
102;827.49;11.695;0.42431;0.00788;0.88785;0.6096;0,76544;0,46439;122.621;109.957;0.00791;0.00270003;0.00090001;0.00270003;0.00090001;0.00270003;0.00090001;0.00270003;0.00090001
79;641.016;123.453;0.4324;0.00816;0.80499;0.69231;0,76521;0,35063;147.648;0.76997;0.00971;0.00276834;0.00092278;0.00276834;0.00092278;0.00276834;0.00092278;0.00276834;0.00092278
142;1151.93;106.658;0.404;0.00733;0.87625;0.61538;0,7644;0,41883;138.671;120.441;0.00894;0.00258123;0.00086041;0.00258123;0.00086041;0.00258123;0.00086041;0.00258123;0.00086041
39;317.192;14.904;0.87813;0.01036;0.64692;0.92308;0,76329;0,28619;162.448;0.94905;0.01024;0.00288714;0.00096238;0.00288714;0.00096238;0.00288714;0.00096238;0.00288714;0.00096238
94;762.496;107.947;0.45604;0.0073;0.76124;0.69231;0,76189;0,48345;125.264;0.91712;0.00823;0.00272379;0.00090793;0.00272379;0.00090793;0.00272379;0.00090793;0.00272379;0.00090793
139;1127.58;0.97522;0.36986;0.00664;0.72003;0.84615;0,76109;0,38042;151.792;116.091;0.00992;0.00259014;0.00086338;0.00259014;0.00086338;0.00259014;0.00086338;0.00259014;0.00086338
80;649.255;134.748;0.4582;0.00887;0.81629;0.68432;0,75825;0,37548;138.567;0.84862;0.00894;0.00276537;0.00092179;0.00276537;0.00092179;0.00276537;0.00092179;0.00276537;0.00092179
132;1070.71;102.982;0.4389;0.00721;0.82086;0.70593;0,75764;0,41018;138.086;0.89867;0.0089;0.00261093;0.00087031;0.00261093;0.00087031;0.00261093;0.00087031;0.00261093;0.00087031
143;1160.09;108.337;0.41282;0.00783;0.59724;0.91299;0,75556;0,42201;139.444;0.86145;0.00903;0.00257826;0.00085942;0.00257826;0.00085942;0.00257826;0.00085942;0.00257826;0.00085942
78;632.93;125.304;0.5041;0.00853;0.80916;0.69231;0,75547;0,34439;153.416;0.92555;0.01029;0.00277131;0.00092377;0.00277131;0.00092377;0.00277131;0.00092377;0.00277131;0.00092377
137;1111.26;104.608;0.38595;0.00721;0.66125;0.76923;0,74997;0,3976;141.969;10.428;0.0095;0.00259608;0.00086536;0.00259608;0.00086536;0.00259608;0.00086536;0.00259608;0.00086536
162;1314.23;0.94585;0.30522;0.0062;0.66345;0.75885;0,74807;0,45348;129.049;114.075;0.00852;0.00252183;0.00084061;0.00252183;0.00084061;0.00252183;0.00084061;0.00252183;0.00084061
158;1281.71;0.93644;0.32459;0.0063;0.57925;0.76923;0,74765;0,4063;141.166;0.95353;0.00939;0.00253371;0.00084457;0.00253371;0.00084457;0.00253371;0.00084457;0.00253371;0.00084457
161;1306.01;0.9272;0.35538;0.00596;0.6552;0.76923;0,74208;0,44648;131.685;112.496;0.00865;0.0025248;0.0008416;0.0025248;0.0008416;0.0025248;0.0008416;0.0025248;0.0008416
76;616.981;128.347;0.55518;0.009;0.76142;0.69231;0,74196;0,33103;150.837;109.726;0.00996;0.00277725;0.00092575;0.00277725;0.00092575;0.00277725;0.00092575;0.00277725;0.00092575
84;681.494;129.604;0.49652;0.00901;0.87758;0.61538;0,74074;0,36577;139.339;0.96413;0.00897;0.00275349;0.00091783;0.00275349;0.00091783;0.00275349;0.00091783;0.00275349;0.00091783
42;341.296;139.623;0.8023;0.00996;0.63106;0.92308;0,74;0,32579;144.249;0.9384;0.00884;0.00287823;0.00095941;0.00287823;0.00095941;0.00287823;0.00095941;0.00287823;0.00095941
35;284.748;16.127;102.238;0.01095;0.54273;0.84615;0,73918;0,28822;162.115;0.8596;0.01036;0.00289902;0.00096634;0.00289902;0.00096634;0.00289902;0.00096634;0.00289902;0.00096634
141;1143.92;101.101;0.35746;0.00642;0.64642;0.84615;0,73857;0,41971;144.911;11.622;0.00934;0.0025842;0.0008614;0.0025842;0.0008614;0.0025842;0.0008614;0.0025842;0.0008614
83;673.572;127.544;0.4788;0.0087;0.88766;0.61538;0,73545;0,39225;139.322;0.96546;0.00879;0.00275646;0.00091882;0.00275646;0.00091882;0.00275646;0.00091882;0.00275646;0.00091882
97;786.89;114.651;0.40356;0.00761;0.77732;0.69231;0,73532;0,45465;12.891;105.758;0.00845;0.00271488;0.00090496;0.00271488;0.00090496;0.00271488;0.00090496;0.00271488;0.00090496
66;535.886;137.031;0.62;0.00926;0.59924;0.84615;0,73496;0,3811;150.025;0.75419;0.00944;0.00280695;0.00093565;0.00280695;0.00093565;0.00280695;0.00093565;0.00280695;0.00093565
105;851.786;126.044;0.40206;0.00819;0.67119;0.69231;0,73474;0,44918;132.626;107.445;0.0085;0.00269112;0.00089704;0.00269112;0.00089704;0.00269112;0.00089704;0.00269112;0.00089704
98;794.964;118.984;0.41306;0.00813;0.61509;0.84615;0,73237;0,4195;130.993;0.99346;0.00853;0.00271191;0.00090397;0.00271191;0.00090397;0.00271191;0.00090397;0.00271191;0.00090397
160;1297.89;0.98919;0.32516;0.00664;0.6825;0.69231;0,73054;0,4407;128.313;124.655;0.0086;0.00252777;0.00084259;0.00252777;0.00084259;0.00252777;0.00084259;0.00252777;0.00084259
40;325.303;140.815;0.78172;0.01025;0.63876;0.84615;0,7303;0,29761;147.023;0.97116;0.00891;0.00288417;0.00096139;0.00288417;0.00096139;0.00288417;0.00096139;0.00288417;0.00096139
157;1273.7;0.93267;0.38259;0.00655;0.59721;0.69231;0,72943;0,42235;139.136;105.585;0.00926;0.00253668;0.00084556;0.00253668;0.00084556;0.00253668;0.00084556;0.00253668;0.00084556
104;843.703;115.527;0.4224;0.00787;0.64071;0.68631;0,72782;0,47909;124.832;102.049;0.00813;0.00269409;0.00089803;0.00269409;0.00089803;0.00269409;0.00089803;0.00269409;0.00089803
38;309.108;148.084;0.75494;0.01055;0.5909;0.92308;0,71914;0,31162;159.978;0.75583;0.01013;0.00289011;0.00096337;0.00289011;0.00096337;0.00289011;0.00096337;0.00289011;0.00096337
44;357.567;154.148;0.79185;0.0112;0.63894;0.84615;0,71729;0,32728;147.353;0.84875;0.00927;0.00287229;0.00095743;0.00287229;0.00095743;0.00287229;0.00095743;0.00287229;0.00095743
67;544.028;125.934;0.59756;0.00861;0.57649;0.83807;0,713;0,34821;157.143;0.74844;0.00985;0.00280398;0.00093466;0.00280398;0.00093466;0.00280398;0.00093466;0.00280398;0.00093466
77;625.005;113.766;0.46121;0.0081;0.73508;0.61538;0,69719;0,31982;150.941;107.739;0.00967;0.00277428;0.00092476;0.00277428;0.00092476;0.00277428;0.00092476;0.00277428;0.00092476
103;835.556;111.217;0.44695;0.00735;0.75689;0.53846;0,6892;0,42664;122.736;110.617;0.00791;0.00269706;0.00089902;0.00269706;0.00089902;0.00269706;0.00089902;0.00269706;0.00089902
32;260.429;136.578;104.456;0.00979;0.62897;0.69231;0,68603;0,20429;17.681;100.872;0.01184;0.00290793;0.00096931;0.00290793;0.00096931;0.00290793;0.00096931;0.00290793;0.00096931
33;268.452;142.687;0.88474;0.01066;0.77765;0.80852;0,68502;0,22099;169.645;0.86725;0.01125;0.00290496;0.00096832;0.00290496;0.00096832;0.00290496;0.00096832;0.00290496;0.00096832
140;1135.68;0.9943;0.35048;0.00658;0.60121;0.84615;0,68488;0,37184;143.065;135.591;0.00952;0.00258717;0.00086239;0.00258717;0.00086239;0.00258717;0.00086239;0.00258717;0.00086239
36;292.866;148.847;0.86888;0.01028;0.6068;0.83166;0,68405;0,29034;162.222;0.86615;0.01037;0.00289605;0.00096535;0.00289605;0.00096535;0.00289605;0.00096535;0.00289605;0.00096535
31;252.351;156.189;117.824;0.01094;0.6074;0.76923;0,67905;0,24736;164.093;0.96819;0.01063;0.0029109;0.0009703;0.0029109;0.0009703;0.0029109;0.0009703;0.0029109;0.0009703
41;333.245;155.077;0.70601;0.01086;0.61762;0.84615;0,66732;0,29821;14.621;0.88054;0.00906;0.0028812;0.0009604;0.0028812;0.0009604;0.0028812;0.0009604;0.0028812;0.0009604
43;349.4;144.756;0.82194;0.00943;0.68146;0.76923;0,6631;0,29465;131.965;0.85919;0.00797;0.00287526;0.00095842;0.00287526;0.00095842;0.00287526;0.00095842;0.00287526;0.00095842
47;381.726;140.369;0.57987;0.00957;0.68543;0.8385;0,64995;0,33283;159.097;0.64826;0.00969;0.00286338;0.00095446;0.00286338;0.00095446;0.00286338;0.00095446;0.00286338;0.00095446
34;276.612;15.284;0.91708;0.01065;0.63428;0.76923;0,5971;0,284;151.931;0.87979;0.00974;0.00290199;0.00096733;0.00290199;0.00096733;0.00290199;0.00096733;0.00290199;0.00096733
22;179.593;144.668;199.395;0.01027;0.6359;0.46154;0,53651;0,22322;149.967;149.335;0.00932;0.00293763;0.00097921;0.00293763;0.00097921;0.00293763;0.00097921;0.00293763;0.00097921
27;220.061;138.473;136.321;0.00976;0.40584;0.579;0,48803;0,26563;148.678;148.452;0.00951;0.00292278;0.00097426;0.00292278;0.00097426;0.00292278;0.00097426;0.00292278;0.00097426
30;244.221;146.132;115.711;0.01082;0.45346;0.57557;0,47358;0,19555;151.219;111.703;0.00969;0.00291387;0.00097129;0.00291387;0.00097129;0.00291387;0.00097129;0.00291387;0.00097129
20;163.246;139.291;226.294;0.00925;0.87884;0.38462;0,4722;0,19372;135.121;185.071;0.00808;0.00294357;0.00098119;0.00294357;0.00098119;0.00294357;0.00098119;0.00294357;0.00098119
29;236.287;156.356;136.022;0.01186;0.37444;0.61538;0,462;0,19383;145.972;118.128;0.00925;0.00291684;0.00097228;0.00291684;0.00097228;0.00291684;0.00097228;0.00291684;0.00097228
25;203.848;151.546;156.956;0.01012;0.43836;0.38462;0,45325;0,22362;148.661;147.546;0.0091;0.00292872;0.00097624;0.00292872;0.00097624;0.00292872;0.00097624;0.00292872;0.00097624
26;211.98;140.227;155.213;0.01057;0.35879;0.38462;0,4437;0,25076;13.941;16.697;0.0088;0.00292575;0.00097525;0.00292575;0.00097525;0.00292575;0.00097525;0.00292575;0.00097525
28;228.18;134.578;133.553;0.00959;0.3725;0.69231;0,4361;0,2211;153.892;1.105;0.00992;0.00291981;0.00097327;0.00291981;0.00097327;0.00291981;0.00097327;0.00291981;0.00097327
24;195.904;144.405;176.232;0.01023;0.28604;0.46154;0,37486;0,1494;148.562;157.292;0.00896;0.00293169;0.00097723;0.00293169;0.00097723;0.00293169;0.00097723;0.00293169;0.00097723
23;187.774;144.954;200.058;0.00989;0.76362;0.23077;0,36861;0,16349;150.633;162.961;0.0092;0.00293466;0.00097822;0.00293466;0.00097822;0.00293466;0.00097822;0.00293466;0.00097822
19;155.171;140.659;236.556;0.01006;0.43495;0.29717;0,35086;0,15035;130.147;188.707;0.00783;0.00294654;0.00098218;0.00294654;0.00098218;0.00294654;0.00098218;0.00294654;0.00098218
21;171.38;14.745;213.853;0.01055;0.32304;0.23077;0,29881;0,10507;145.099;197.587;0.00883;0.0029406;0.0009802;0.0029406;0.0009802;0.0029406;0.0009802;0.0029406;0.0009802
18;147.023;136.968;245.822;0.00984;0.66516;0.15315;0,2254;0,11418;113.491;203.061;0.00655;0.00294951;0.00098317;0.00294951;0.00098317;0.00294951;0.00098317;0.00294951;0.00098317
17;138.858;151.735;262.954;0.01024;0.18447;0.15385;0,18838;0,09706;117.996;2.065;0.00695;0.00295248;0.00098416;0.00295248;0.00098416;0.00295248;0.00098416;0.00295248;0.00098416
15;122.563;128.873;248.881;0.00935;0.01286;1;0,14558;0,07193;127.322;232.758;0.00779;0.00295842;0.00098614;0.00295842;0.00098614;0.00295842;0.00098614;0.00295842;0.00098614
10;823.884;133.639;282.582;0.00887;0.0085;0.69231;0,13753;0,05501;123.031;288.457;0.00744;0.00297327;0.00099109;0.00297327;0.00099109;0.00297327;0.00099109;0.00297327;0.00099109
16;130.747;134.827;25.466;0.0093;0.31582;0.07692;0,13628;0,07447;123.505;228.259;0.00747;0.00295545;0.00098515;0.00295545;0.00098515;0.00295545;0.00098515;0.00295545;0.00098515
11;904.812;148.014;306.907;0.0103;0.00524;0.92308;0,10846;0,04579;129.534;263.226;0.00783;0.0029703;0.0009901;0.0029703;0.0009901;0.0029703;0.0009901;0.0029703;0.0009901
12;985.508;1.302;283.922;0.00949;0.00459;0.84615;0,09969;0,04472;121.868;27.793;0.00719;0.00296733;0.00098911;0.00296733;0.00098911;0.00296733;0.00098911;0.00296733;0.00098911
13;106.604;139.778;284.556;0.00932;0.00858;0.92308;0,09452;0,03222;132.005;25.634;0.00791;0.00296436;0.00098812;0.00296436;0.00098812;0.00296436;0.00098812;0.00296436;0.00098812
14;114.522;130.234;261.363;0.00864;0.00777;1;0,07775;0,02765;127.269;253.075;0.00764;0.00296139;0.00098713;0.00296139;0.00098713;0.00296139;0.00098713;0.00296139;0.00098713
4;343.588;185.094;411.854;0.01422;0.05263;0.07692;0,03689;0,0224;140.743;338.789;0.00881;0.00299109;0.00099703;0.00299109;0.00099703;0.00299109;0.00099703;0.00299109;0.00099703
9;744.294;135.071;32.565;0.01015;0.00358;0.76923;0,02729;0,00858;137.648;280.222;0.0088;0.00297624;0.00099208;0.00297624;0.00099208;0.00297624;0.00099208;0.00297624;0.00099208
5;423.955;172.183;377.175;0.01305;0.0241;0.15385;0,02096;0,00939;137.496;336.185;0.00902;0.00298812;0.00099604;0.00298812;0.00099604;0.00298812;0.00099604;0.00298812;0.00099604
8;665.461;145.374;338.943;0.01025;0.00326;0.76923;0,01904;0,00787;141.029;278.164;0.00922;0.00297921;0.00099307;0.00297921;0.00099307;0.00297921;0.00099307;0.00297921;0.00099307
6;50.466;16.283;356.417;0.01286;0.00596;0.30769;0,00724;0,00186;141.178;297.966;0.00901;0.00298515;0.00099505;0.00298515;0.00099505;0.00298515;0.00099505;0.00298515;0.00099505
7;584.747;146.304;359.665;0.01059;0.0035;0.69231;0,00538;0,00214;127.883;292.798;0.00841;0.00298218;0.00099406;0.00298218;0.00099406;0.00298218;0.00099406;0.00298218;0.00099406
1;983.264;178.526;33.053;0.01311;0;0;0;0;156.157;572.755;0.01055;0.000983607;0.000327869;0.000983607;0.000327869;0.0681967;0.067541;0.000983607;0.000327869
2;182.409;171.472;68.363;0.01388;0;0;0;0;179.971;309.976;0.01263;0.00198164;0.000660548;0.00198164;0.000660548;0.0358614;0.0345403;0.00198164;0.000660548
3;265.004;173.067;456.104;0.01237;0;0;0;0;144.289;332.545;0.00918;0.0029777;0.000992566;0.0029777;0.000992566;0.00352415;0.00153901;0.0029777;0.000992566
;;;;;;;;;;;;;;;;;;;
;;;;;;;;;;;;;;;;;;;
;;;;;;;;;;;;;;;;;;;
;;;;;;;;;;;;;;;;;;;
;;;;;;;;;;;;;;;;;;;
;;;;;;;;;;;;;;;;;;;
;;;;;;;;;;;;;;;;;;;
;;;;;;;;;;;;;;;;;;;
;;;;;;;;;;;;;;;;;;;
;;;;;;;;;;;;;;;;;;;
;;;;;;;;;;;;;;;;;;;
;;;;;;;;;;;;;;;;;;;
;;;;;;;;;;;;;;;;;;;
;;;;;;;;;;;;;;;;;;;
;;;;;;;;;;;;;;;;;;;
;;;;;;;;;;;;;;;;;;;
;;;;;;;;;;;;;;;;;;;
;;;;;;;;;;;;;;;;;;;
;;;;;;;;;;;;;;;;;;;
;;;;;;;;;;;;;;;;;;;
;;;;;;;;;;;;;;;;;;;
;;;;;;;;;;;;;;;;;;;
;;;;;;;;;;;;;;;;;;;
;;;;;;;;;;;;;;;;;;;
;;;;;;;;;;;;;;;;;;;
;;;;;;;;;;;;;;;;;;;
;;;;;;;;;;;;;;;;;;;
;;;;;;;;;;;;;;;;;;;
;;;;;;;;;;;;;;;;;;;
;;;;;;;;;;;;;;;;;;;
;;;;;;;;;;;;;;;;;;;
;;;;;;;;;;;;;;;;;;;
;;;;;;;;;;;;;;;;;;;
;;;;;;;;;;;;;;;;;;;
;;;;;;;;;;;;;;;;;;;
;;;;;;;;;;;;;;;;;;;
;;;;;;;;;;;;;;;;;;;
;;;;;;;;;;;;;;;;;;;
;;;;;;;;;;;;;;;;;;;
;;;;;;;1;;;;;;;;;;;;
